Zaman,Tahmin (%),Tahmin Süre,Klima,Işık
01:00,-,-,-,-
01:01,-,-,-,-
01:02,-,-,-,-
01:03,-,-,-,-
01:04,-,-,-,-
01:05,-,-,-,-
01:06,-,-,-,-
01:07,-,-,-,-
01:08,-,-,-,-
01:09,-,-,-,-
01:10,-,-,-,-
01:11,-,-,-,-
01:12,-,-,-,-
01:13,-,-,-,-
01:14,-,-,-,-
01:15,-,-,-,-
01:16,-,-,-,-
01:17,-,-,-,-
01:18,-,-,-,-
01:19,-,-,-,-
01:20,-,-,-,-
01:21,-,-,-,-
01:22,-,-,-,-
01:23,-,-,-,-
01:24,-,-,-,-
01:25,-,-,-,-
01:26,-,-,-,-
01:27,-,-,-,-
01:28,-,-,-,-
01:29,-,-,Kapat (Boş Oda),-
01:30,-,-,Kapat (Boş Oda),-
01:31,-,-,Kapat (Boş Oda),-
01:32,-,-,Kapat (Boş Oda),-
01:33,-,-,Kapat (Boş Oda),-
01:34,-,-,Kapat (Boş Oda),-
01:35,-,-,Kapat (Boş Oda),-
01:36,-,-,Kapat (Boş Oda),-
01:37,-,-,Kapat (Boş Oda),-
01:38,-,-,Kapat (Boş Oda),-
01:39,-,-,Kapat (Boş Oda),-
01:40,-,-,Kapat (Boş Oda),-
01:41,-,-,Kapat (Boş Oda),-
01:42,-,-,Kapat (Boş Oda),-
01:43,-,-,Kapat (Boş Oda),-
01:44,-,-,Kapat (Boş Oda),-
01:45,-,-,Kapat (Boş Oda),-
01:46,-,-,Kapat (Boş Oda),-
01:47,-,-,Kapat (Boş Oda),-
01:48,-,-,Kapat (Boş Oda),-
01:49,-,-,Kapat (Boş Oda),-
01:50,-,-,Kapat (Boş Oda),-
01:51,-,-,Kapat (Boş Oda),-
01:52,-,-,Kapat (Boş Oda),-
01:53,-,-,Kapat (Boş Oda),-
01:54,-,-,Kapat (Boş Oda),-
01:55,-,-,Kapat (Boş Oda),-
01:56,-,-,Kapat (Boş Oda),-
01:57,-,-,Kapat (Boş Oda),-
01:58,-,-,Kapat (Boş Oda),-
01:59,-,-,Kapat (Boş Oda),-
02:00,-,-,Kapat (Boş Oda),-
02:01,-,-,Kapat (Boş Oda),-
02:02,-,-,Kapat (Boş Oda),-
02:03,-,-,Kapat (Boş Oda),-
02:04,-,-,Kapat (Boş Oda),-
02:05,-,-,Kapat (Boş Oda),-
02:06,-,-,Kapat (Boş Oda),-
02:07,-,-,Kapat (Boş Oda),-
02:08,-,-,Kapat (Boş Oda),-
02:09,-,-,Kapat (Boş Oda),-
02:10,-,-,Kapat (Boş Oda),-
02:11,-,-,Kapat (Boş Oda),-
02:12,-,-,Kapat (Boş Oda),-
02:13,-,-,Kapat (Boş Oda),-
02:14,-,-,Kapat (Boş Oda),-
02:15,-,-,Kapat (Boş Oda),-
02:16,-,-,Kapat (Boş Oda),-
02:17,-,-,Kapat (Boş Oda),-
02:18,-,-,Kapat (Boş Oda),-
02:19,-,-,Kapat (Boş Oda),-
02:20,-,-,Kapat (Boş Oda),-
02:21,-,-,Kapat (Boş Oda),-
02:22,-,-,Kapat (Boş Oda),-
02:23,-,-,Kapat (Boş Oda),-
02:24,-,-,Kapat (Boş Oda),-
02:25,-,-,Kapat (Boş Oda),-
02:26,-,-,Kapat (Boş Oda),-
02:27,-,-,Kapat (Boş Oda),-
02:28,-,-,Kapat (Boş Oda),-
02:29,-,-,Kapat (Boş Oda),-
02:30,-,-,Kapat (Boş Oda),-
02:31,-,-,Kapat (Boş Oda),-
02:32,-,-,Kapat (Boş Oda),-
02:33,-,-,Kapat (Boş Oda),-
02:34,-,-,Kapat (Boş Oda),-
02:35,-,-,Kapat (Boş Oda),-
02:36,-,-,Kapat (Boş Oda),-
02:37,-,-,Kapat (Boş Oda),-
02:38,-,-,Kapat (Boş Oda),-
02:39,-,-,Kapat (Boş Oda),-
02:40,-,-,Kapat (Boş Oda),-
02:41,-,-,Kapat (Boş Oda),-
02:42,-,-,Kapat (Boş Oda),-
02:43,-,-,Kapat (Boş Oda),-
02:44,-,-,Kapat (Boş Oda),-
02:45,-,-,Kapat (Boş Oda),-
02:46,-,-,Kapat (Boş Oda),-
02:47,-,-,Kapat (Boş Oda),-
02:48,-,-,Kapat (Boş Oda),-
02:49,-,-,Kapat (Boş Oda),-
02:50,-,-,Kapat (Boş Oda),-
02:51,-,-,Kapat (Boş Oda),-
02:52,-,-,Kapat (Boş Oda),-
02:53,-,-,Kapat (Boş Oda),-
02:54,-,-,Kapat (Boş Oda),-
02:55,-,-,Kapat (Boş Oda),-
02:56,-,-,Kapat (Boş Oda),-
02:57,-,-,Kapat (Boş Oda),-
02:58,-,-,Kapat (Boş Oda),-
02:59,-,-,Kapat (Boş Oda),-
03:00,-,-,Kapat (Boş Oda),-
03:01,-,-,Kapat (Boş Oda),-
03:02,-,-,Kapat (Boş Oda),-
03:03,-,-,Kapat (Boş Oda),-
03:04,-,-,Kapat (Boş Oda),-
03:05,-,-,Kapat (Boş Oda),-
03:06,-,-,Kapat (Boş Oda),-
03:07,-,-,Kapat (Boş Oda),-
03:08,-,-,Kapat (Boş Oda),-
03:09,-,-,Kapat (Boş Oda),-
03:10,-,-,Kapat (Boş Oda),-
03:11,-,-,Kapat (Boş Oda),-
03:12,-,-,Kapat (Boş Oda),-
03:13,-,-,Kapat (Boş Oda),-
03:14,-,-,Kapat (Boş Oda),-
03:15,-,-,Kapat (Boş Oda),-
03:16,-,-,Kapat (Boş Oda),-
03:17,-,-,Kapat (Boş Oda),-
03:18,-,-,Kapat (Boş Oda),-
03:19,-,-,Kapat (Boş Oda),-
03:20,-,-,Kapat (Boş Oda),-
03:21,-,-,Kapat (Boş Oda),-
03:22,-,-,Kapat (Boş Oda),-
03:23,-,-,Kapat (Boş Oda),-
03:24,-,-,Kapat (Boş Oda),-
03:25,-,-,Kapat (Boş Oda),-
03:26,-,-,Kapat (Boş Oda),-
03:27,-,-,Kapat (Boş Oda),-
03:28,-,-,Kapat (Boş Oda),-
03:29,-,-,Kapat (Boş Oda),-
03:30,-,-,Kapat (Boş Oda),-
03:31,-,-,Kapat (Boş Oda),-
03:32,-,-,Kapat (Boş Oda),-
03:33,-,-,Kapat (Boş Oda),-
03:34,-,-,Kapat (Boş Oda),-
03:35,-,-,Kapat (Boş Oda),-
03:36,-,-,Kapat (Boş Oda),-
03:37,-,-,Kapat (Boş Oda),-
03:38,-,-,Kapat (Boş Oda),-
03:39,-,-,Kapat (Boş Oda),-
03:40,-,-,Kapat (Boş Oda),-
03:41,-,-,Kapat (Boş Oda),-
03:42,-,-,Kapat (Boş Oda),-
03:43,-,-,Kapat (Boş Oda),-
03:44,-,-,Kapat (Boş Oda),-
03:45,-,-,Kapat (Boş Oda),-
03:46,-,-,Kapat (Boş Oda),-
03:47,-,-,Kapat (Boş Oda),-
03:48,-,-,Kapat (Boş Oda),-
03:49,-,-,Kapat (Boş Oda),-
03:50,-,-,Kapat (Boş Oda),-
03:51,-,-,Kapat (Boş Oda),-
03:52,-,-,Kapat (Boş Oda),-
03:53,-,-,Kapat (Boş Oda),-
03:54,-,-,Kapat (Boş Oda),-
03:55,-,-,Kapat (Boş Oda),-
03:56,-,-,Kapat (Boş Oda),-
03:57,-,-,Kapat (Boş Oda),-
03:58,-,-,Kapat (Boş Oda),-
03:59,-,-,Kapat (Boş Oda),-
04:00,-,-,Kapat (Boş Oda),-
04:01,-,-,Kapat (Boş Oda),-
04:02,-,-,Kapat (Boş Oda),-
04:03,-,-,Kapat (Boş Oda),-
04:04,-,-,Kapat (Boş Oda),-
04:05,-,-,Kapat (Boş Oda),-
04:06,-,-,Kapat (Boş Oda),-
04:07,-,-,Kapat (Boş Oda),-
04:08,-,-,Kapat (Boş Oda),-
04:09,-,-,Kapat (Boş Oda),-
04:10,-,-,Kapat (Boş Oda),-
04:11,-,-,Kapat (Boş Oda),-
04:12,-,-,Kapat (Boş Oda),-
04:13,-,-,Kapat (Boş Oda),-
04:14,-,-,Kapat (Boş Oda),-
04:15,-,-,Kapat (Boş Oda),-
04:16,-,-,Kapat (Boş Oda),-
04:17,-,-,Kapat (Boş Oda),-
04:18,-,-,Kapat (Boş Oda),-
04:19,-,-,Kapat (Boş Oda),-
04:20,-,-,Kapat (Boş Oda),-
04:21,-,-,Kapat (Boş Oda),-
04:22,-,-,Kapat (Boş Oda),-
04:23,-,-,Kapat (Boş Oda),-
04:24,-,-,Kapat (Boş Oda),-
04:25,-,-,Kapat (Boş Oda),-
04:26,-,-,Kapat (Boş Oda),-
04:27,-,-,Kapat (Boş Oda),-
04:28,-,-,Kapat (Boş Oda),-
04:29,-,-,Kapat (Boş Oda),-
04:30,-,-,Kapat (Boş Oda),-
04:31,-,-,Kapat (Boş Oda),-
04:32,-,-,Kapat (Boş Oda),-
04:33,-,-,Kapat (Boş Oda),-
04:34,-,-,Kapat (Boş Oda),-
04:35,-,-,Kapat (Boş Oda),-
04:36,-,-,Kapat (Boş Oda),-
04:37,-,-,Kapat (Boş Oda),-
04:38,-,-,Kapat (Boş Oda),-
04:39,-,-,Kapat (Boş Oda),-
04:40,-,-,Kapat (Boş Oda),-
04:41,-,-,Kapat (Boş Oda),-
04:42,-,-,Kapat (Boş Oda),-
04:43,-,-,Kapat (Boş Oda),-
04:44,-,-,Kapat (Boş Oda),-
04:45,-,-,Kapat (Boş Oda),-
04:46,-,-,Kapat (Boş Oda),-
04:47,-,-,Kapat (Boş Oda),-
04:48,-,-,Kapat (Boş Oda),-
04:49,-,-,Kapat (Boş Oda),-
04:50,-,-,Kapat (Boş Oda),-
04:51,-,-,Kapat (Boş Oda),-
04:52,-,-,Kapat (Boş Oda),-
04:53,-,-,Kapat (Boş Oda),-
04:54,-,-,Kapat (Boş Oda),-
04:55,-,-,Kapat (Boş Oda),-
04:56,-,-,Kapat (Boş Oda),-
04:57,-,-,Kapat (Boş Oda),-
04:58,-,-,Kapat (Boş Oda),-
04:59,-,-,Kapat (Boş Oda),-
05:00,-,-,Kapat (Boş Oda),-
05:01,-,-,Kapat (Boş Oda),-
05:02,-,-,Kapat (Boş Oda),-
05:03,-,-,Kapat (Boş Oda),-
05:04,-,-,Kapat (Boş Oda),-
05:05,-,-,Kapat (Boş Oda),-
05:06,-,-,Kapat (Boş Oda),-
05:07,-,-,Kapat (Boş Oda),-
05:08,-,-,Kapat (Boş Oda),-
05:09,-,-,Kapat (Boş Oda),-
05:10,-,-,Kapat (Boş Oda),-
05:11,-,-,Kapat (Boş Oda),-
05:12,-,-,Kapat (Boş Oda),-
05:13,-,-,Kapat (Boş Oda),-
05:14,-,-,Kapat (Boş Oda),-
05:15,-,-,Kapat (Boş Oda),-
05:16,-,-,Kapat (Boş Oda),-
05:17,-,-,Kapat (Boş Oda),-
05:18,-,-,Kapat (Boş Oda),-
05:19,-,-,Kapat (Boş Oda),-
05:20,-,-,Kapat (Boş Oda),-
05:21,-,-,Kapat (Boş Oda),-
05:22,-,-,Kapat (Boş Oda),-
05:23,-,-,Kapat (Boş Oda),-
05:24,-,-,Kapat (Boş Oda),-
05:25,-,-,Kapat (Boş Oda),-
05:26,-,-,Kapat (Boş Oda),-
05:27,-,-,Kapat (Boş Oda),-
05:28,-,-,Kapat (Boş Oda),-
05:29,-,-,Kapat (Boş Oda),-
05:30,-,-,Kapat (Boş Oda),-
05:31,-,-,Kapat (Boş Oda),-
05:32,-,-,Kapat (Boş Oda),-
05:33,-,-,Kapat (Boş Oda),-
05:34,-,-,Kapat (Boş Oda),-
05:35,-,-,Kapat (Boş Oda),-
05:36,-,-,Kapat (Boş Oda),-
05:37,-,-,Kapat (Boş Oda),-
05:38,-,-,Kapat (Boş Oda),-
05:39,-,-,Kapat (Boş Oda),-
05:40,-,-,Kapat (Boş Oda),-
05:41,-,-,Kapat (Boş Oda),-
05:42,-,-,Kapat (Boş Oda),-
05:43,-,-,Kapat (Boş Oda),-
05:44,-,-,Kapat (Boş Oda),-
05:45,-,-,Kapat (Boş Oda),-
05:46,-,-,Kapat (Boş Oda),-
05:47,-,-,Kapat (Boş Oda),-
05:48,-,-,Kapat (Boş Oda),-
05:49,-,-,Kapat (Boş Oda),-
05:50,-,-,Kapat (Boş Oda),-
05:51,-,-,Kapat (Boş Oda),-
05:52,-,-,Kapat (Boş Oda),-
05:53,-,-,Kapat (Boş Oda),-
05:54,-,-,Kapat (Boş Oda),-
05:55,-,-,Kapat (Boş Oda),-
05:56,-,-,Kapat (Boş Oda),-
05:57,-,-,Kapat (Boş Oda),-
05:58,-,-,Kapat (Boş Oda),-
05:59,-,-,Kapat (Boş Oda),-
06:00,-,-,Kapat (Boş Oda),-
06:01,-,-,Kapat (Boş Oda),-
06:02,-,-,Kapat (Boş Oda),-
06:03,-,-,Kapat (Boş Oda),-
06:04,-,-,Kapat (Boş Oda),-
06:05,-,-,Kapat (Boş Oda),-
06:06,-,-,Kapat (Boş Oda),-
06:07,-,-,Kapat (Boş Oda),-
06:08,-,-,Kapat (Boş Oda),-
06:09,-,-,Kapat (Boş Oda),-
06:10,-,-,Kapat (Boş Oda),-
06:11,-,-,Kapat (Boş Oda),-
06:12,-,-,Kapat (Boş Oda),-
06:13,-,-,Kapat (Boş Oda),-
06:14,-,-,Kapat (Boş Oda),-
06:15,-,-,Kapat (Boş Oda),-
06:16,-,-,Kapat (Boş Oda),-
06:17,-,-,Kapat (Boş Oda),-
06:18,-,-,Kapat (Boş Oda),-
06:19,-,-,Kapat (Boş Oda),-
06:20,-,-,Kapat (Boş Oda),-
06:21,-,-,Kapat (Boş Oda),-
06:22,-,-,Kapat (Boş Oda),-
06:23,-,-,Kapat (Boş Oda),-
06:24,-,-,Kapat (Boş Oda),-
06:25,-,-,Kapat (Boş Oda),-
06:26,-,-,Kapat (Boş Oda),-
06:27,-,-,Kapat (Boş Oda),-
06:28,-,-,Kapat (Boş Oda),-
06:29,-,-,Kapat (Boş Oda),-
06:30,-,-,Kapat (Boş Oda),-
06:31,-,-,Kapat (Boş Oda),-
06:32,-,-,Kapat (Boş Oda),-
06:33,-,-,Kapat (Boş Oda),-
06:34,-,-,Kapat (Boş Oda),-
06:35,-,-,Kapat (Boş Oda),-
06:36,-,-,Kapat (Boş Oda),-
06:37,-,-,Kapat (Boş Oda),-
06:38,-,-,Kapat (Boş Oda),-
06:39,-,-,Kapat (Boş Oda),-
06:40,-,-,Kapat (Boş Oda),-
06:41,-,-,Kapat (Boş Oda),-
06:42,-,-,Kapat (Boş Oda),-
06:43,-,-,Kapat (Boş Oda),-
06:44,-,-,Kapat (Boş Oda),-
06:45,-,-,Kapat (Boş Oda),-
06:46,-,-,Kapat (Boş Oda),-
06:47,-,-,Kapat (Boş Oda),-
06:48,-,-,Kapat (Boş Oda),-
06:49,-,-,Kapat (Boş Oda),-
06:50,-,-,Kapat (Boş Oda),-
06:51,-,-,Kapat (Boş Oda),-
06:52,-,-,Kapat (Boş Oda),-
06:53,-,-,Kapat (Boş Oda),-
06:54,-,-,Kapat (Boş Oda),-
06:55,-,-,Kapat (Boş Oda),-
06:56,-,-,Kapat (Boş Oda),-
06:57,-,-,Kapat (Boş Oda),-
06:58,-,-,Kapat (Boş Oda),-
06:59,-,-,Kapat (Boş Oda),-
07:00,-,-,Kapat (Boş Oda),-
07:01,-,-,Kapat (Boş Oda),-
07:02,-,-,Kapat (Boş Oda),-
07:03,-,-,Kapat (Boş Oda),-
07:04,-,-,Kapat (Boş Oda),-
07:05,-,-,Kapat (Boş Oda),-
07:06,-,-,Kapat (Boş Oda),-
07:07,-,-,Kapat (Boş Oda),-
07:08,-,-,Kapat (Boş Oda),-
07:09,-,-,Kapat (Boş Oda),-
07:10,-,-,Kapat (Boş Oda),-
07:11,-,-,Kapat (Boş Oda),-
07:12,-,-,Kapat (Boş Oda),-
07:13,-,-,Kapat (Boş Oda),-
07:14,-,-,Kapat (Boş Oda),-
07:15,-,-,Kapat (Boş Oda),-
07:16,-,-,Kapat (Boş Oda),-
07:17,-,-,Kapat (Boş Oda),-
07:18,-,-,Kapat (Boş Oda),-
07:19,-,-,Kapat (Boş Oda),-
07:20,-,-,Kapat (Boş Oda),-
07:21,-,-,Kapat (Boş Oda),-
07:22,-,-,Kapat (Boş Oda),-
07:23,-,-,Kapat (Boş Oda),-
07:24,-,-,Kapat (Boş Oda),-
07:25,-,-,Kapat (Boş Oda),-
07:26,-,-,Kapat (Boş Oda),-
07:27,-,-,Kapat (Boş Oda),-
07:28,-,-,Kapat (Boş Oda),-
07:29,-,-,Kapat (Boş Oda),-
07:30,-,-,Kapat (Boş Oda),-
07:31,-,-,Kapat (Boş Oda),-
07:32,-,-,Kapat (Boş Oda),-
07:33,-,-,Kapat (Boş Oda),-
07:34,-,-,Kapat (Boş Oda),-
07:35,-,-,Kapat (Boş Oda),-
07:36,-,-,Kapat (Boş Oda),-
07:37,-,-,Kapat (Boş Oda),-
07:38,-,-,Kapat (Boş Oda),-
07:39,-,-,Kapat (Boş Oda),-
07:40,-,-,Kapat (Boş Oda),-
07:41,-,-,Kapat (Boş Oda),-
07:42,-,-,Kapat (Boş Oda),-
07:43,-,-,Kapat (Boş Oda),-
07:44,-,-,Kapat (Boş Oda),-
07:45,-,-,Kapat (Boş Oda),-
07:46,-,-,Kapat (Boş Oda),-
07:47,-,-,Kapat (Boş Oda),-
07:48,-,-,Kapat (Boş Oda),-
07:49,-,-,Kapat (Boş Oda),-
07:50,-,-,Kapat (Boş Oda),-
07:51,-,-,Kapat (Boş Oda),-
07:52,-,-,Kapat (Boş Oda),-
07:53,-,-,Kapat (Boş Oda),-
07:54,-,-,Kapat (Boş Oda),-
07:55,-,-,Kapat (Boş Oda),-
07:56,-,-,Kapat (Boş Oda),-
07:57,-,-,Kapat (Boş Oda),-
07:58,-,-,Kapat (Boş Oda),-
07:59,-,-,Kapat (Boş Oda),-
08:00,-,-,Kapat (Boş Oda),-
08:01,-,-,Kapat (Boş Oda),-
08:02,-,-,Kapat (Boş Oda),-
08:03,-,-,Kapat (Boş Oda),-
08:04,-,-,Kapat (Boş Oda),-
08:05,-,-,Kapat (Boş Oda),-
08:06,-,-,Kapat (Boş Oda),-
08:07,-,-,Kapat (Boş Oda),-
08:08,-,-,Kapat (Boş Oda),-
08:09,-,-,Kapat (Boş Oda),-
08:10,-,-,Kapat (Boş Oda),-
08:11,-,-,Kapat (Boş Oda),-
08:12,-,-,Kapat (Boş Oda),-
08:13,-,-,Kapat (Boş Oda),-
08:14,-,-,Kapat (Boş Oda),-
08:15,-,-,Kapat (Boş Oda),-
08:16,-,-,Kapat (Boş Oda),-
08:17,-,-,Kapat (Boş Oda),-
08:18,-,-,Kapat (Boş Oda),-
08:19,-,-,Kapat (Boş Oda),-
08:20,-,-,Kapat (Boş Oda),-
08:21,-,-,Kapat (Boş Oda),-
08:22,-,-,Kapat (Boş Oda),-
08:23,-,-,Kapat (Boş Oda),-
08:24,-,-,Kapat (Boş Oda),-
08:25,-,-,Kapat (Boş Oda),-
08:26,-,-,Kapat (Boş Oda),-
08:27,-,-,Kapat (Boş Oda),-
08:28,-,-,Kapat (Boş Oda),-
08:29,-,-,Kapat (Boş Oda),-
08:30,-,-,Kapat (Boş Oda),-
08:31,-,-,Kapat (Boş Oda),-
08:32,-,-,Kapat (Boş Oda),-
08:33,-,-,Kapat (Boş Oda),-
08:34,-,-,Kapat (Boş Oda),-
08:35,-,-,Kapat (Boş Oda),-
08:36,-,-,Kapat (Boş Oda),-
08:37,-,-,Kapat (Boş Oda),-
08:38,-,-,Kapat (Boş Oda),-
08:39,-,-,Kapat (Boş Oda),-
08:40,-,-,Kapat (Boş Oda),-
08:41,-,-,Kapat (Boş Oda),-
08:42,-,-,Kapat (Boş Oda),-
08:43,-,-,Kapat (Boş Oda),-
08:44,-,-,Kapat (Boş Oda),-
08:45,-,-,Kapat (Boş Oda),-
08:46,-,-,Kapat (Boş Oda),-
08:47,-,-,Kapat (Boş Oda),-
08:48,-,-,Kapat (Boş Oda),-
08:49,-,-,Kapat (Boş Oda),-
08:50,-,-,Kapat (Boş Oda),-
08:51,-,-,Kapat (Boş Oda),-
08:52,-,-,Kapat (Boş Oda),-
08:53,-,-,Kapat (Boş Oda),-
08:54,-,-,Kapat (Boş Oda),-
08:55,-,-,Kapat (Boş Oda),-
08:56,-,-,Kapat (Boş Oda),-
08:57,-,-,Kapat (Boş Oda),-
08:58,-,-,Kapat (Boş Oda),-
08:59,%83,Kısa (0-15dk),Açık,Açık
09:00,-,-,-,Açık
09:01,-,-,-,Açık
09:02,-,-,-,Açık
09:03,-,-,-,Açık
09:04,-,-,-,Kapat (Unutulan Işık)
09:05,-,-,-,Kapat (Unutulan Işık)
09:06,-,-,-,Kapat (Unutulan Işık)
09:07,-,-,-,Kapat (Unutulan Işık)
09:08,-,-,-,Kapat (Unutulan Işık)
09:09,-,-,-,Kapat (Unutulan Işık)
09:10,-,-,-,Kapat (Unutulan Işık)
09:11,-,-,-,Kapat (Unutulan Işık)
09:12,-,-,-,Kapat (Unutulan Işık)
09:13,-,-,-,Kapat (Unutulan Işık)
09:14,-,-,-,Kapat (Unutulan Işık)
09:15,-,-,-,Kapat (Unutulan Işık)
09:16,-,-,-,Kapat (Unutulan Işık)
09:17,-,-,-,Kapat (Unutulan Işık)
09:18,-,-,-,Kapat (Unutulan Işık)
09:19,-,-,-,Kapat (Unutulan Işık)
09:20,-,-,-,Kapat (Unutulan Işık)
09:21,-,-,-,Kapat (Unutulan Işık)
09:22,-,-,-,Kapat (Unutulan Işık)
09:23,-,-,-,Kapat (Unutulan Işık)
09:24,-,-,-,Kapat (Unutulan Işık)
09:25,-,-,-,Kapat (Unutulan Işık)
09:26,-,-,-,Kapat (Unutulan Işık)
09:27,-,-,-,Kapat (Unutulan Işık)
09:28,-,-,-,Kapat (Unutulan Işık)
09:29,-,-,Kapat (Boş Oda),Kapat (Unutulan Işık)
09:30,-,-,Kapat (Boş Oda),Kapat (Unutulan Işık)
09:31,-,-,Kapat (Boş Oda),Kapat (Unutulan Işık)
09:32,-,-,Kapat (Boş Oda),Kapat (Unutulan Işık)
09:33,-,-,Kapat (Boş Oda),Kapat (Unutulan Işık)
09:34,-,-,Kapat (Boş Oda),Kapat (Unutulan Işık)
09:35,-,-,Kapat (Boş Oda),Kapat (Unutulan Işık)
09:36,-,-,Kapat (Boş Oda),Kapat (Unutulan Işık)
09:37,-,-,Kapat (Boş Oda),Kapat (Unutulan Işık)
09:38,-,-,Kapat (Boş Oda),Kapat (Unutulan Işık)
09:39,-,-,Kapat (Boş Oda),Kapat (Unutulan Işık)
09:40,-,-,Kapat (Boş Oda),Kapat (Unutulan Işık)
09:41,-,-,Kapat (Boş Oda),Kapat (Unutulan Işık)
09:42,-,-,Kapat (Boş Oda),Kapat (Unutulan Işık)
09:43,-,-,Kapat (Boş Oda),Kapat (Unutulan Işık)
09:44,-,-,Kapat (Boş Oda),Kapat (Unutulan Işık)
09:45,-,-,Kapat (Boş Oda),Kapat (Unutulan Işık)
09:46,-,-,Kapat (Boş Oda),Kapat (Unutulan Işık)
09:47,-,-,Kapat (Boş Oda),Kapat (Unutulan Işık)
09:48,-,-,Kapat (Boş Oda),Kapat (Unutulan Işık)
09:49,-,-,Kapat (Boş Oda),Kapat (Unutulan Işık)
09:50,-,-,Kapat (Boş Oda),Kapat (Unutulan Işık)
09:51,-,-,Kapat (Boş Oda),Kapat (Unutulan Işık)
09:52,-,-,Kapat (Boş Oda),Kapat (Unutulan Işık)
09:53,-,-,Kapat (Boş Oda),Kapat (Unutulan Işık)
09:54,-,-,Kapat (Boş Oda),Kapat (Unutulan Işık)
09:55,-,-,Kapat (Boş Oda),Kapat (Unutulan Işık)
09:56,-,-,Kapat (Boş Oda),Kapat (Unutulan Işık)
09:57,-,-,Kapat (Boş Oda),Kapat (Unutulan Işık)
09:58,-,-,Kapat (Boş Oda),Kapat (Unutulan Işık)
09:59,-,-,Kapat (Boş Oda),Kapat (Unutulan Işık)
10:00,%86,Kısa (0-15dk),Açık,Açık
10:01,%67,Paydos (>60dk),Açık,Açık
10:02,%61,Paydos (>60dk),Açık,Açık
10:03,%56,Paydos (>60dk),Açık,Açık
10:04,%53,Paydos (>60dk),Açık,Açık
10:05,%53,Paydos (>60dk),Açık,Açık
10:06,%53,Paydos (>60dk),Açık,Açık
10:07,%53,Paydos (>60dk),Açık,Açık
10:08,%53,Paydos (>60dk),Açık,Açık
10:09,%52,Paydos (>60dk),Açık,Açık
10:10,%52,Paydos (>60dk),Açık,Açık
10:11,%51,Paydos (>60dk),Açık,Açık
10:12,%51,Paydos (>60dk),Açık,-
10:13,-,-,-,-
10:14,-,-,-,-
10:15,-,-,-,-
10:16,-,-,-,-
10:17,-,-,-,-
10:18,-,-,-,-
10:19,-,-,-,-
10:20,-,-,-,-
10:21,-,-,-,-
10:22,-,-,-,-
10:23,-,-,-,-
10:24,-,-,-,-
10:25,-,-,-,-
10:26,-,-,-,-
10:27,-,-,-,-
10:28,-,-,-,-
10:29,-,-,-,-
10:30,-,-,-,-
10:31,-,-,-,-
10:32,-,-,-,-
10:33,-,-,-,-
10:34,-,-,-,-
10:35,-,-,-,-
10:36,-,-,-,-
10:37,-,-,-,-
10:38,-,-,-,-
10:39,-,-,-,-
10:40,-,-,-,-
10:41,-,-,-,-
10:42,-,-,Kapat (Boş Oda),-
10:43,-,-,Kapat (Boş Oda),-
10:44,-,-,Kapat (Boş Oda),-
10:45,-,-,Kapat (Boş Oda),-
10:46,-,-,Kapat (Boş Oda),-
10:47,-,-,Kapat (Boş Oda),-
10:48,-,-,Kapat (Boş Oda),-
10:49,-,-,Kapat (Boş Oda),-
10:50,-,-,Kapat (Boş Oda),-
10:51,-,-,Kapat (Boş Oda),-
10:52,-,-,Kapat (Boş Oda),-
10:53,-,-,Kapat (Boş Oda),-
10:54,-,-,Kapat (Boş Oda),-
10:55,-,-,Kapat (Boş Oda),-
10:56,-,-,Kapat (Boş Oda),-
10:57,-,-,Kapat (Boş Oda),-
10:58,-,-,Kapat (Boş Oda),-
10:59,-,-,Kapat (Boş Oda),-
11:00,-,-,Kapat (Boş Oda),-
11:01,-,-,Kapat (Boş Oda),-
11:02,-,-,Kapat (Boş Oda),-
11:03,-,-,Kapat (Boş Oda),-
11:04,-,-,Kapat (Boş Oda),-
11:05,-,-,Kapat (Boş Oda),-
11:06,-,-,Kapat (Boş Oda),-
11:07,-,-,Kapat (Boş Oda),-
11:08,-,-,Kapat (Boş Oda),-
11:09,-,-,Kapat (Boş Oda),-
11:10,-,-,Kapat (Boş Oda),-
11:11,-,-,Kapat (Boş Oda),-
11:12,-,-,Kapat (Boş Oda),-
11:13,-,-,Kapat (Boş Oda),-
11:14,-,-,Kapat (Boş Oda),-
11:15,-,-,Kapat (Boş Oda),-
11:16,-,-,Kapat (Boş Oda),-
11:17,-,-,Kapat (Boş Oda),-
11:18,-,-,Kapat (Boş Oda),-
11:19,-,-,Kapat (Boş Oda),-
11:20,-,-,Kapat (Boş Oda),-
11:21,-,-,Kapat (Boş Oda),-
11:22,-,-,Kapat (Boş Oda),-
11:23,-,-,Kapat (Boş Oda),-
11:24,-,-,Kapat (Boş Oda),-
11:25,-,-,Kapat (Boş Oda),-
11:26,-,-,Kapat (Boş Oda),-
11:27,-,-,Kapat (Boş Oda),-
11:28,-,-,Kapat (Boş Oda),-
11:29,-,-,Kapat (Boş Oda),-
11:30,-,-,Kapat (Boş Oda),-
11:31,-,-,Kapat (Boş Oda),-
11:32,-,-,Kapat (Boş Oda),-
11:33,-,-,Kapat (Boş Oda),-
11:34,-,-,Kapat (Boş Oda),-
11:35,-,-,Kapat (Boş Oda),-
11:36,-,-,Kapat (Boş Oda),-
11:37,-,-,Kapat (Boş Oda),-
11:38,-,-,Kapat (Boş Oda),-
11:39,-,-,Kapat (Boş Oda),-
11:40,-,-,Kapat (Boş Oda),-
11:41,-,-,Kapat (Boş Oda),-
11:42,-,-,Kapat (Boş Oda),-
11:43,-,-,Kapat (Boş Oda),-
11:44,-,-,Kapat (Boş Oda),-
11:45,-,-,Kapat (Boş Oda),-
11:46,-,-,Kapat (Boş Oda),-
11:47,-,-,Kapat (Boş Oda),-
11:48,-,-,Kapat (Boş Oda),-
11:49,-,-,Kapat (Boş Oda),-
11:50,-,-,Kapat (Boş Oda),-
11:51,-,-,Kapat (Boş Oda),-
11:52,-,-,Kapat (Boş Oda),-
11:53,-,-,Kapat (Boş Oda),-
11:54,-,-,Kapat (Boş Oda),-
11:55,-,-,Kapat (Boş Oda),-
11:56,-,-,Kapat (Boş Oda),-
11:57,-,-,Kapat (Boş Oda),-
11:58,-,-,Kapat (Boş Oda),-
11:59,-,-,Kapat (Boş Oda),-
12:00,-,-,Kapat (Boş Oda),-
12:01,-,-,Kapat (Boş Oda),-
12:02,-,-,Kapat (Boş Oda),-
12:03,-,-,Kapat (Boş Oda),-
12:04,-,-,Kapat (Boş Oda),-
12:05,-,-,Kapat (Boş Oda),-
12:06,-,-,Kapat (Boş Oda),-
12:07,-,-,Kapat (Boş Oda),-
12:08,-,-,Kapat (Boş Oda),-
12:09,-,-,Kapat (Boş Oda),-
12:10,-,-,Kapat (Boş Oda),-
12:11,-,-,Kapat (Boş Oda),-
12:12,-,-,Kapat (Boş Oda),-
12:13,-,-,Kapat (Boş Oda),-
12:14,-,-,Kapat (Boş Oda),-
12:15,-,-,Kapat (Boş Oda),-
12:16,-,-,Kapat (Boş Oda),-
12:17,-,-,Kapat (Boş Oda),-
12:18,-,-,Kapat (Boş Oda),-
12:19,-,-,Kapat (Boş Oda),-
12:20,-,-,Kapat (Boş Oda),-
12:21,-,-,Kapat (Boş Oda),-
12:22,-,-,Kapat (Boş Oda),-
12:23,-,-,Kapat (Boş Oda),-
12:24,-,-,Kapat (Boş Oda),-
12:25,-,-,Kapat (Boş Oda),-
12:26,-,-,Kapat (Boş Oda),-
12:27,-,-,Kapat (Boş Oda),-
12:28,-,-,Kapat (Boş Oda),-
12:29,-,-,Kapat (Boş Oda),-
12:30,-,-,Kapat (Boş Oda),-
12:31,-,-,Kapat (Boş Oda),-
12:32,-,-,Kapat (Boş Oda),-
12:33,-,-,Kapat (Boş Oda),-
12:34,-,-,Kapat (Boş Oda),-
12:35,-,-,Kapat (Boş Oda),-
12:36,-,-,Kapat (Boş Oda),-
12:37,-,-,Kapat (Boş Oda),-
12:38,-,-,Kapat (Boş Oda),-
12:39,-,-,Kapat (Boş Oda),-
12:40,-,-,Kapat (Boş Oda),-
12:41,-,-,Kapat (Boş Oda),-
12:42,-,-,Kapat (Boş Oda),-
12:43,-,-,Kapat (Boş Oda),-
12:44,-,-,Kapat (Boş Oda),-
12:45,-,-,Kapat (Boş Oda),-
12:46,-,-,Kapat (Boş Oda),-
12:47,-,-,Kapat (Boş Oda),-
12:48,-,-,Kapat (Boş Oda),-
12:49,-,-,Kapat (Boş Oda),-
12:50,-,-,Kapat (Boş Oda),-
12:51,-,-,Kapat (Boş Oda),-
12:52,-,-,Kapat (Boş Oda),-
12:53,-,-,Kapat (Boş Oda),-
12:54,-,-,Kapat (Boş Oda),-
12:55,-,-,Kapat (Boş Oda),-
12:56,-,-,Kapat (Boş Oda),-
12:57,-,-,Kapat (Boş Oda),-
12:58,-,-,Kapat (Boş Oda),-
12:59,-,-,Kapat (Boş Oda),-
13:00,-,-,Kapat (Boş Oda),-
13:01,-,-,Kapat (Boş Oda),-
13:02,-,-,Kapat (Boş Oda),-
13:03,-,-,Kapat (Boş Oda),-
13:04,-,-,Kapat (Boş Oda),-
13:05,-,-,Kapat (Boş Oda),-
13:06,-,-,Kapat (Boş Oda),-
13:07,-,-,Kapat (Boş Oda),-
13:08,-,-,Kapat (Boş Oda),-
13:09,-,-,Kapat (Boş Oda),-
13:10,-,-,Kapat (Boş Oda),-
13:11,-,-,Kapat (Boş Oda),-
13:12,-,-,Kapat (Boş Oda),-
13:13,-,-,Kapat (Boş Oda),-
13:14,-,-,Kapat (Boş Oda),-
13:15,-,-,Kapat (Boş Oda),-
13:16,-,-,Kapat (Boş Oda),-
13:17,-,-,Kapat (Boş Oda),-
13:18,-,-,Kapat (Boş Oda),-
13:19,-,-,Kapat (Boş Oda),-
13:20,-,-,Kapat (Boş Oda),-
13:21,-,-,Kapat (Boş Oda),-
13:22,-,-,Kapat (Boş Oda),-
13:23,-,-,Kapat (Boş Oda),-
13:24,-,-,Kapat (Boş Oda),-
13:25,-,-,Kapat (Boş Oda),-
13:26,-,-,Kapat (Boş Oda),-
13:27,-,-,Kapat (Boş Oda),-
13:28,-,-,Kapat (Boş Oda),-
13:29,-,-,Kapat (Boş Oda),-
13:30,-,-,Kapat (Boş Oda),-
13:31,-,-,Kapat (Boş Oda),-
13:32,-,-,Kapat (Boş Oda),-
13:33,-,-,Kapat (Boş Oda),-
13:34,-,-,Kapat (Boş Oda),-
13:35,-,-,Kapat (Boş Oda),-
13:36,-,-,Kapat (Boş Oda),-
13:37,-,-,Kapat (Boş Oda),-
13:38,-,-,Kapat (Boş Oda),-
13:39,-,-,Kapat (Boş Oda),-
13:40,-,-,Kapat (Boş Oda),-
13:41,-,-,Kapat (Boş Oda),-
13:42,-,-,Kapat (Boş Oda),-
13:43,-,-,Kapat (Boş Oda),-
13:44,-,-,Kapat (Boş Oda),-
13:45,-,-,Kapat (Boş Oda),-
13:46,-,-,Kapat (Boş Oda),-
13:47,-,-,Kapat (Boş Oda),-
13:48,-,-,Kapat (Boş Oda),-
13:49,-,-,Kapat (Boş Oda),-
13:50,-,-,Kapat (Boş Oda),-
13:51,-,-,Kapat (Boş Oda),-
13:52,-,-,Kapat (Boş Oda),-
13:53,-,-,Kapat (Boş Oda),-
13:54,-,-,Kapat (Boş Oda),-
13:55,-,-,Kapat (Boş Oda),-
13:56,-,-,Kapat (Boş Oda),-
13:57,-,-,Kapat (Boş Oda),-
13:58,-,-,Kapat (Boş Oda),-
13:59,-,-,Kapat (Boş Oda),-
14:00,-,-,Kapat (Boş Oda),-
14:01,-,-,Kapat (Boş Oda),-
14:02,-,-,Kapat (Boş Oda),-
14:03,-,-,Kapat (Boş Oda),-
14:04,-,-,Kapat (Boş Oda),-
14:05,-,-,Kapat (Boş Oda),-
14:06,-,-,Kapat (Boş Oda),-
14:07,-,-,Kapat (Boş Oda),-
14:08,-,-,Kapat (Boş Oda),-
14:09,-,-,Kapat (Boş Oda),-
14:10,-,-,Kapat (Boş Oda),-
14:11,-,-,Kapat (Boş Oda),-
14:12,-,-,Kapat (Boş Oda),-
14:13,-,-,Kapat (Boş Oda),-
14:14,-,-,Kapat (Boş Oda),-
14:15,-,-,Kapat (Boş Oda),-
14:16,-,-,Kapat (Boş Oda),-
14:17,-,-,Kapat (Boş Oda),-
14:18,-,-,Kapat (Boş Oda),-
14:19,-,-,Kapat (Boş Oda),-
14:20,-,-,Kapat (Boş Oda),-
14:21,-,-,Kapat (Boş Oda),-
14:22,-,-,Kapat (Boş Oda),-
14:23,-,-,Kapat (Boş Oda),-
14:24,-,-,Kapat (Boş Oda),-
14:25,-,-,Kapat (Boş Oda),-
14:26,-,-,Kapat (Boş Oda),-
14:27,-,-,Kapat (Boş Oda),-
14:28,-,-,Kapat (Boş Oda),-
14:29,-,-,Kapat (Boş Oda),-
14:30,-,-,Kapat (Boş Oda),-
14:31,-,-,Kapat (Boş Oda),-
14:32,-,-,Kapat (Boş Oda),-
14:33,-,-,Kapat (Boş Oda),-
14:34,-,-,Kapat (Boş Oda),-
14:35,-,-,Kapat (Boş Oda),-
14:36,-,-,Kapat (Boş Oda),-
14:37,%75,Kısa (0-15dk),Açık,-
14:38,%66,Paydos (>60dk),Açık,-
14:39,%60,Paydos (>60dk),Açık,-
14:40,%55,Paydos (>60dk),Açık,-
14:41,%53,Paydos (>60dk),Açık,-
14:42,%53,Paydos (>60dk),Açık,-
14:43,%53,Paydos (>60dk),Açık,-
14:44,%54,Paydos (>60dk),Açık,-
14:45,%54,Paydos (>60dk),Açık,-
14:46,%55,Paydos (>60dk),Açık,-
14:47,%55,Paydos (>60dk),Açık,-
14:48,-,-,-,Açık
14:49,-,-,-,Açık
14:50,-,-,-,Açık
14:51,-,-,-,Açık
14:52,-,-,-,Kapat (Unutulan Işık)
14:53,-,-,-,Kapat (Unutulan Işık)
14:54,-,-,-,Kapat (Unutulan Işık)
14:55,-,-,-,Kapat (Unutulan Işık)
14:56,-,-,-,Kapat (Unutulan Işık)
14:57,-,-,-,Kapat (Unutulan Işık)
14:58,-,-,-,Kapat (Unutulan Işık)
14:59,-,-,-,Kapat (Unutulan Işık)
15:00,-,-,-,Kapat (Unutulan Işık)
15:01,-,-,-,Kapat (Unutulan Işık)
15:02,-,-,-,Kapat (Unutulan Işık)
15:03,-,-,-,Kapat (Unutulan Işık)
15:04,-,-,-,Kapat (Unutulan Işık)
15:05,-,-,-,Kapat (Unutulan Işık)
15:06,-,-,-,Kapat (Unutulan Işık)
15:07,-,-,-,Kapat (Unutulan Işık)
15:08,-,-,-,Kapat (Unutulan Işık)
15:09,-,-,-,Kapat (Unutulan Işık)
15:10,-,-,-,Kapat (Unutulan Işık)
15:11,-,-,-,Kapat (Unutulan Işık)
15:12,-,-,-,Kapat (Unutulan Işık)
15:13,-,-,-,Kapat (Unutulan Işık)
15:14,-,-,-,Kapat (Unutulan Işık)
15:15,-,-,-,Kapat (Unutulan Işık)
15:16,-,-,-,Kapat (Unutulan Işık)
15:17,%77,Kısa (0-15dk),Açık,-
15:18,%66,Paydos (>60dk),Açık,-
15:19,%59,Paydos (>60dk),Açık,-
15:20,%53,Paydos (>60dk),Açık,Açık
15:21,%50,Paydos (>60dk),Açık,-
15:22,%50,Paydos (>60dk),Açık,-
15:23,%50,Paydos (>60dk),Açık,-
15:24,%50,Paydos (>60dk),Açık,-
15:25,%50,Paydos (>60dk),Açık,-
15:26,%49,Paydos (>60dk),Açık,-
15:27,%49,Paydos (>60dk),Açık,-
15:28,%49,Paydos (>60dk),Açık,-
15:29,%48,Paydos (>60dk),Açık,-
15:30,%48,Paydos (>60dk),Açık,-
15:31,%48,Paydos (>60dk),Açık,-
15:32,-,-,-,-
15:33,-,-,-,-
15:34,-,-,-,-
15:35,-,-,-,-
15:36,-,-,-,-
15:37,-,-,-,-
15:38,-,-,-,-
15:39,-,-,-,-
15:40,-,-,-,-
15:41,-,-,-,-
15:42,-,-,-,-
15:43,-,-,-,-
15:44,-,-,-,-
15:45,-,-,-,-
15:46,-,-,-,-
15:47,-,-,-,-
15:48,-,-,-,-
15:49,-,-,-,-
15:50,-,-,-,-
15:51,-,-,-,-
15:52,-,-,-,-
15:53,-,-,-,-
15:54,-,-,-,-
15:55,-,-,-,-
15:56,-,-,-,-
15:57,-,-,-,-
15:58,-,-,-,-
15:59,-,-,-,-
16:00,-,-,-,-
16:01,-,-,Kapat (Boş Oda),-
16:02,-,-,Kapat (Boş Oda),-
16:03,-,-,Kapat (Boş Oda),-
16:04,-,-,Kapat (Boş Oda),-
16:05,-,-,Kapat (Boş Oda),-
16:06,-,-,Kapat (Boş Oda),-
16:07,-,-,Kapat (Boş Oda),-
16:08,-,-,Kapat (Boş Oda),-
16:09,-,-,Kapat (Boş Oda),-
16:10,-,-,Kapat (Boş Oda),-
16:11,-,-,Kapat (Boş Oda),-
16:12,-,-,Kapat (Boş Oda),-
16:13,-,-,Kapat (Boş Oda),-
16:14,-,-,Kapat (Boş Oda),-
16:15,-,-,Kapat (Boş Oda),-
16:16,-,-,Kapat (Boş Oda),-
16:17,-,-,Kapat (Boş Oda),-
16:18,-,-,Kapat (Boş Oda),-
16:19,-,-,Kapat (Boş Oda),-
16:20,-,-,Kapat (Boş Oda),-
16:21,-,-,Kapat (Boş Oda),-
16:22,-,-,Kapat (Boş Oda),-
16:23,-,-,Kapat (Boş Oda),-
16:24,-,-,Kapat (Boş Oda),-
16:25,-,-,Kapat (Boş Oda),-
16:26,-,-,Kapat (Boş Oda),-
16:27,-,-,Kapat (Boş Oda),-
16:28,-,-,Kapat (Boş Oda),-
16:29,-,-,Kapat (Boş Oda),-
16:30,-,-,Kapat (Boş Oda),-
16:31,-,-,Kapat (Boş Oda),-
16:32,-,-,Kapat (Boş Oda),-
16:33,-,-,Kapat (Boş Oda),-
16:34,-,-,Kapat (Boş Oda),-
16:35,-,-,Kapat (Boş Oda),-
16:36,-,-,Kapat (Boş Oda),-
16:37,-,-,Kapat (Boş Oda),-
16:38,-,-,Kapat (Boş Oda),-
16:39,-,-,Kapat (Boş Oda),-
16:40,-,-,Kapat (Boş Oda),-
16:41,-,-,Kapat (Boş Oda),-
16:42,-,-,Kapat (Boş Oda),-
16:43,-,-,Kapat (Boş Oda),-
16:44,-,-,Kapat (Boş Oda),-
16:45,-,-,Kapat (Boş Oda),-
16:46,-,-,Kapat (Boş Oda),-
16:47,-,-,Kapat (Boş Oda),-
16:48,-,-,Kapat (Boş Oda),-
16:49,-,-,Kapat (Boş Oda),-
16:50,-,-,Kapat (Boş Oda),-
16:51,-,-,Kapat (Boş Oda),-
16:52,-,-,Kapat (Boş Oda),-
16:53,-,-,Kapat (Boş Oda),-
16:54,-,-,Kapat (Boş Oda),-
16:55,-,-,Kapat (Boş Oda),-
16:56,-,-,Kapat (Boş Oda),-
16:57,-,-,Kapat (Boş Oda),-
16:58,-,-,Kapat (Boş Oda),-
16:59,-,-,Kapat (Boş Oda),-
17:00,-,-,Kapat (Boş Oda),-
17:01,-,-,Kapat (Boş Oda),-
17:02,-,-,Kapat (Boş Oda),-
17:03,-,-,Kapat (Boş Oda),-
17:04,-,-,Kapat (Boş Oda),-
17:05,-,-,Kapat (Boş Oda),-
17:06,-,-,Kapat (Boş Oda),-
17:07,-,-,Kapat (Boş Oda),-
17:08,-,-,Kapat (Boş Oda),-
17:09,-,-,Kapat (Boş Oda),-
17:10,-,-,Kapat (Boş Oda),-
17:11,-,-,Kapat (Boş Oda),-
17:12,-,-,Kapat (Boş Oda),-
17:13,-,-,Kapat (Boş Oda),-
17:14,-,-,Kapat (Boş Oda),-
17:15,-,-,Kapat (Boş Oda),-
17:16,-,-,Kapat (Boş Oda),-
17:17,-,-,Kapat (Boş Oda),-
17:18,-,-,Kapat (Boş Oda),-
17:19,-,-,Kapat (Boş Oda),-
17:20,-,-,Kapat (Boş Oda),-
17:21,-,-,Kapat (Boş Oda),-
17:22,-,-,Kapat (Boş Oda),-
17:23,-,-,Kapat (Boş Oda),-
17:24,-,-,Kapat (Boş Oda),-
17:25,-,-,Kapat (Boş Oda),-
17:26,-,-,Kapat (Boş Oda),-
17:27,-,-,Kapat (Boş Oda),-
17:28,-,-,Kapat (Boş Oda),-
17:29,-,-,Kapat (Boş Oda),-
17:30,-,-,Kapat (Boş Oda),-
17:31,-,-,Kapat (Boş Oda),-
17:32,-,-,Kapat (Boş Oda),-
17:33,-,-,Kapat (Boş Oda),-
17:34,-,-,Kapat (Boş Oda),-
17:35,-,-,Kapat (Boş Oda),-
17:36,-,-,Kapat (Boş Oda),-
17:37,-,-,Kapat (Boş Oda),-
17:38,-,-,Kapat (Boş Oda),-
17:39,-,-,Kapat (Boş Oda),-
17:40,-,-,Kapat (Boş Oda),-
17:41,-,-,Kapat (Boş Oda),-
17:42,-,-,Kapat (Boş Oda),-
17:43,-,-,Kapat (Boş Oda),-
17:44,-,-,Kapat (Boş Oda),-
17:45,-,-,Kapat (Boş Oda),-
17:46,-,-,Kapat (Boş Oda),-
17:47,-,-,Kapat (Boş Oda),-
17:48,-,-,Kapat (Boş Oda),-
17:49,-,-,Kapat (Boş Oda),-
17:50,-,-,Kapat (Boş Oda),-
17:51,-,-,Kapat (Boş Oda),-
17:52,-,-,Kapat (Boş Oda),-
17:53,-,-,Kapat (Boş Oda),-
17:54,-,-,Kapat (Boş Oda),-
17:55,-,-,Kapat (Boş Oda),-
17:56,-,-,Kapat (Boş Oda),-
17:57,-,-,Kapat (Boş Oda),-
17:58,-,-,Kapat (Boş Oda),-
17:59,-,-,Kapat (Boş Oda),-
18:00,-,-,Kapat (Boş Oda),-
18:01,-,-,Kapat (Boş Oda),-
18:02,-,-,Kapat (Boş Oda),-
18:03,-,-,Kapat (Boş Oda),-
18:04,-,-,Kapat (Boş Oda),-
18:05,-,-,Kapat (Boş Oda),-
18:06,-,-,Kapat (Boş Oda),-
18:07,-,-,Kapat (Boş Oda),-
18:08,-,-,Kapat (Boş Oda),-
18:09,-,-,Kapat (Boş Oda),-
18:10,-,-,Kapat (Boş Oda),-
18:11,-,-,Kapat (Boş Oda),-
18:12,-,-,Kapat (Boş Oda),-
18:13,-,-,Kapat (Boş Oda),-
18:14,-,-,Kapat (Boş Oda),-
18:15,-,-,Kapat (Boş Oda),-
18:16,-,-,Kapat (Boş Oda),-
18:17,-,-,Kapat (Boş Oda),-
18:18,-,-,Kapat (Boş Oda),-
18:19,-,-,Kapat (Boş Oda),-
18:20,-,-,Kapat (Boş Oda),-
18:21,-,-,Kapat (Boş Oda),-
18:22,-,-,Kapat (Boş Oda),-
18:23,-,-,Kapat (Boş Oda),-
18:24,-,-,Kapat (Boş Oda),-
18:25,-,-,Kapat (Boş Oda),-
18:26,-,-,Kapat (Boş Oda),-
18:27,-,-,Kapat (Boş Oda),-
18:28,-,-,Kapat (Boş Oda),-
18:29,-,-,Kapat (Boş Oda),-
18:30,-,-,Kapat (Boş Oda),-
18:31,-,-,Kapat (Boş Oda),-
18:32,-,-,Kapat (Boş Oda),-
18:33,-,-,Kapat (Boş Oda),-
18:34,-,-,Kapat (Boş Oda),-
18:35,-,-,Kapat (Boş Oda),-
18:36,-,-,Kapat (Boş Oda),-
18:37,-,-,Kapat (Boş Oda),-
18:38,-,-,Kapat (Boş Oda),-
18:39,-,-,Kapat (Boş Oda),-
18:40,-,-,Kapat (Boş Oda),-
18:41,-,-,Kapat (Boş Oda),-
18:42,-,-,Kapat (Boş Oda),-
18:43,-,-,Kapat (Boş Oda),-
18:44,-,-,Kapat (Boş Oda),-
18:45,-,-,Kapat (Boş Oda),-
18:46,-,-,Kapat (Boş Oda),-
18:47,-,-,Kapat (Boş Oda),-
18:48,-,-,Kapat (Boş Oda),-
18:49,-,-,Kapat (Boş Oda),-
18:50,-,-,Kapat (Boş Oda),-
18:51,-,-,Kapat (Boş Oda),-
18:52,-,-,Kapat (Boş Oda),-
18:53,-,-,Kapat (Boş Oda),-
18:54,-,-,Kapat (Boş Oda),-
18:55,-,-,Kapat (Boş Oda),-
18:56,-,-,Kapat (Boş Oda),-
18:57,-,-,Kapat (Boş Oda),-
18:58,-,-,Kapat (Boş Oda),-
18:59,-,-,Kapat (Boş Oda),-
19:00,-,-,Kapat (Boş Oda),-
19:01,-,-,Kapat (Boş Oda),-
19:02,-,-,Kapat (Boş Oda),-
19:03,-,-,Kapat (Boş Oda),-
19:04,-,-,Kapat (Boş Oda),-
19:05,-,-,Kapat (Boş Oda),-
19:06,-,-,Kapat (Boş Oda),-
19:07,-,-,Kapat (Boş Oda),-
19:08,-,-,Kapat (Boş Oda),-
19:09,-,-,Kapat (Boş Oda),-
19:10,-,-,Kapat (Boş Oda),-
19:11,-,-,Kapat (Boş Oda),-
19:12,-,-,Kapat (Boş Oda),-
19:13,-,-,Kapat (Boş Oda),-
19:14,-,-,Kapat (Boş Oda),-
19:15,-,-,Kapat (Boş Oda),-
19:16,-,-,Kapat (Boş Oda),-
19:17,-,-,Kapat (Boş Oda),-
19:18,-,-,Kapat (Boş Oda),-
19:19,-,-,Kapat (Boş Oda),-
19:20,-,-,Kapat (Boş Oda),-
19:21,-,-,Kapat (Boş Oda),-
19:22,-,-,Kapat (Boş Oda),-
19:23,-,-,Kapat (Boş Oda),-
19:24,-,-,Kapat (Boş Oda),-
19:25,-,-,Kapat (Boş Oda),-
19:26,-,-,Kapat (Boş Oda),-
19:27,-,-,Kapat (Boş Oda),-
19:28,-,-,Kapat (Boş Oda),-
19:29,-,-,Kapat (Boş Oda),-
19:30,-,-,Kapat (Boş Oda),-
19:31,-,-,Kapat (Boş Oda),-
19:32,-,-,Kapat (Boş Oda),-
19:33,-,-,Kapat (Boş Oda),-
19:34,-,-,Kapat (Boş Oda),-
19:35,-,-,Kapat (Boş Oda),-
19:36,-,-,Kapat (Boş Oda),-
19:37,-,-,Kapat (Boş Oda),-
19:38,-,-,Kapat (Boş Oda),-
19:39,-,-,Kapat (Boş Oda),-
19:40,-,-,Kapat (Boş Oda),-
19:41,-,-,Kapat (Boş Oda),-
19:42,-,-,Kapat (Boş Oda),-
19:43,-,-,Kapat (Boş Oda),-
19:44,-,-,Kapat (Boş Oda),-
19:45,-,-,Kapat (Boş Oda),-
19:46,-,-,Kapat (Boş Oda),-
19:47,-,-,Kapat (Boş Oda),-
19:48,-,-,Kapat (Boş Oda),-
19:49,-,-,Kapat (Boş Oda),-
19:50,-,-,Kapat (Boş Oda),-
19:51,-,-,Kapat (Boş Oda),-
19:52,-,-,Kapat (Boş Oda),-
19:53,-,-,Kapat (Boş Oda),-
19:54,-,-,Kapat (Boş Oda),-
19:55,-,-,Kapat (Boş Oda),-
19:56,-,-,Kapat (Boş Oda),-
19:57,-,-,Kapat (Boş Oda),-
19:58,-,-,Kapat (Boş Oda),-
19:59,-,-,Kapat (Boş Oda),-
20:00,-,-,Kapat (Boş Oda),-
20:01,-,-,Kapat (Boş Oda),-
20:02,-,-,Kapat (Boş Oda),-
20:03,-,-,Kapat (Boş Oda),-
20:04,-,-,Kapat (Boş Oda),-
20:05,-,-,Kapat (Boş Oda),-
20:06,-,-,Kapat (Boş Oda),-
20:07,-,-,Kapat (Boş Oda),-
20:08,-,-,Kapat (Boş Oda),-
20:09,-,-,Kapat (Boş Oda),-
20:10,-,-,Kapat (Boş Oda),-
20:11,-,-,Kapat (Boş Oda),-
20:12,-,-,Kapat (Boş Oda),-
20:13,-,-,Kapat (Boş Oda),-
20:14,-,-,Kapat (Boş Oda),-
20:15,-,-,Kapat (Boş Oda),-
20:16,-,-,Kapat (Boş Oda),-
20:17,-,-,Kapat (Boş Oda),-
20:18,-,-,Kapat (Boş Oda),-
20:19,-,-,Kapat (Boş Oda),-
20:20,-,-,Kapat (Boş Oda),-
20:21,-,-,Kapat (Boş Oda),-
20:22,-,-,Kapat (Boş Oda),-
20:23,-,-,Kapat (Boş Oda),-
20:24,-,-,Kapat (Boş Oda),-
20:25,-,-,Kapat (Boş Oda),-
20:26,-,-,Kapat (Boş Oda),-
20:27,-,-,Kapat (Boş Oda),-
20:28,-,-,Kapat (Boş Oda),-
20:29,-,-,Kapat (Boş Oda),-
20:30,-,-,Kapat (Boş Oda),-
20:31,-,-,Kapat (Boş Oda),-
20:32,-,-,Kapat (Boş Oda),-
20:33,-,-,Kapat (Boş Oda),-
20:34,-,-,Kapat (Boş Oda),-
20:35,-,-,Kapat (Boş Oda),-
20:36,-,-,Kapat (Boş Oda),-
20:37,-,-,Kapat (Boş Oda),-
20:38,-,-,Kapat (Boş Oda),-
20:39,-,-,Kapat (Boş Oda),-
20:40,-,-,Kapat (Boş Oda),-
20:41,-,-,Kapat (Boş Oda),-
20:42,-,-,Kapat (Boş Oda),-
20:43,-,-,Kapat (Boş Oda),-
20:44,-,-,Kapat (Boş Oda),-
20:45,-,-,Kapat (Boş Oda),-
20:46,-,-,Kapat (Boş Oda),-
20:47,%96,Kısa (0-15dk),Açık,-
20:48,%70,Paydos (>60dk),Açık,Açık
20:49,%63,Paydos (>60dk),Açık,Açık
20:50,%58,Paydos (>60dk),Açık,Açık
20:51,%55,Paydos (>60dk),Açık,Açık
20:52,%55,Paydos (>60dk),Açık,Açık
20:53,%55,Paydos (>60dk),Açık,Açık
20:54,%56,Paydos (>60dk),Açık,Açık
20:55,%57,Paydos (>60dk),Açık,Açık
20:56,%58,Paydos (>60dk),Açık,Açık
20:57,%59,Paydos (>60dk),Açık,Açık
20:58,%59,Paydos (>60dk),Açık,Açık
20:59,%61,Paydos (>60dk),Açık,-
21:00,-,-,-,-
21:01,-,-,-,-
21:02,-,-,-,-
21:03,-,-,-,-
21:04,-,-,-,-
21:05,-,-,-,-
21:06,-,-,-,-
21:07,-,-,-,-
21:08,-,-,-,-
21:09,-,-,-,-
21:10,-,-,-,-
21:11,-,-,-,-
21:12,-,-,-,-
21:13,-,-,-,-
21:14,-,-,-,-
21:15,-,-,-,-
21:16,-,-,-,-
21:17,-,-,-,-
21:18,-,-,-,-
21:19,-,-,-,-
21:20,-,-,-,-
21:21,-,-,-,-
21:22,-,-,-,-
21:23,-,-,-,-
21:24,-,-,-,-
21:25,-,-,-,-
21:26,-,-,-,-
21:27,-,-,-,-
21:28,-,-,-,-
21:29,-,-,Kapat (Boş Oda),-
21:30,-,-,Kapat (Boş Oda),-
21:31,-,-,Kapat (Boş Oda),-
21:32,-,-,Kapat (Boş Oda),-
21:33,-,-,Kapat (Boş Oda),-
21:34,-,-,Kapat (Boş Oda),-
21:35,-,-,Kapat (Boş Oda),-
21:36,-,-,Kapat (Boş Oda),-
21:37,-,-,Kapat (Boş Oda),-
21:38,-,-,Kapat (Boş Oda),-
21:39,-,-,Kapat (Boş Oda),-
21:40,-,-,Kapat (Boş Oda),-
21:41,-,-,Kapat (Boş Oda),-
21:42,-,-,Kapat (Boş Oda),-
21:43,-,-,Kapat (Boş Oda),-
21:44,-,-,Kapat (Boş Oda),-
21:45,-,-,Kapat (Boş Oda),-
21:46,-,-,Kapat (Boş Oda),-
21:47,-,-,Kapat (Boş Oda),-
21:48,-,-,Kapat (Boş Oda),-
21:49,-,-,Kapat (Boş Oda),-
21:50,-,-,Kapat (Boş Oda),-
21:51,-,-,Kapat (Boş Oda),-
21:52,-,-,Kapat (Boş Oda),-
21:53,-,-,Kapat (Boş Oda),-
21:54,-,-,Kapat (Boş Oda),-
21:55,-,-,Kapat (Boş Oda),-
21:56,-,-,Kapat (Boş Oda),-
21:57,-,-,Kapat (Boş Oda),-
21:58,-,-,Kapat (Boş Oda),-
21:59,-,-,Kapat (Boş Oda),-
22:00,-,-,Kapat (Boş Oda),-
22:01,-,-,Kapat (Boş Oda),-
22:02,-,-,Kapat (Boş Oda),-
22:03,-,-,Kapat (Boş Oda),-
22:04,-,-,Kapat (Boş Oda),-
22:05,-,-,Kapat (Boş Oda),-
22:06,-,-,Kapat (Boş Oda),-
22:07,-,-,Kapat (Boş Oda),-
22:08,-,-,Kapat (Boş Oda),-
22:09,-,-,Kapat (Boş Oda),-
22:10,-,-,Kapat (Boş Oda),-
22:11,-,-,Kapat (Boş Oda),-
22:12,-,-,Kapat (Boş Oda),-
22:13,-,-,Kapat (Boş Oda),-
22:14,-,-,Kapat (Boş Oda),-
22:15,-,-,Kapat (Boş Oda),-
22:16,-,-,Kapat (Boş Oda),-
22:17,-,-,Kapat (Boş Oda),-
22:18,-,-,Kapat (Boş Oda),-
22:19,-,-,Kapat (Boş Oda),-
22:20,-,-,Kapat (Boş Oda),-
22:21,-,-,Kapat (Boş Oda),-
22:22,-,-,Kapat (Boş Oda),-
22:23,-,-,Kapat (Boş Oda),-
22:24,-,-,Kapat (Boş Oda),-
22:25,-,-,Kapat (Boş Oda),-
22:26,-,-,Kapat (Boş Oda),-
22:27,-,-,Kapat (Boş Oda),-
22:28,-,-,Kapat (Boş Oda),-
22:29,-,-,Kapat (Boş Oda),-
22:30,-,-,Kapat (Boş Oda),-
22:31,-,-,Kapat (Boş Oda),-
22:32,-,-,Kapat (Boş Oda),-
22:33,-,-,Kapat (Boş Oda),-
22:34,-,-,Kapat (Boş Oda),-
22:35,-,-,Kapat (Boş Oda),-
22:36,-,-,Kapat (Boş Oda),-
22:37,-,-,Kapat (Boş Oda),-
22:38,-,-,Kapat (Boş Oda),-
22:39,-,-,Kapat (Boş Oda),-
22:40,-,-,Kapat (Boş Oda),-
22:41,-,-,Kapat (Boş Oda),-
22:42,-,-,Kapat (Boş Oda),-
22:43,-,-,Kapat (Boş Oda),-
22:44,-,-,Kapat (Boş Oda),-
22:45,-,-,Kapat (Boş Oda),-
22:46,-,-,Kapat (Boş Oda),-
22:47,-,-,Kapat (Boş Oda),-
22:48,-,-,Kapat (Boş Oda),-
22:49,-,-,Kapat (Boş Oda),-
22:50,-,-,Kapat (Boş Oda),-
22:51,-,-,Kapat (Boş Oda),-
22:52,-,-,Kapat (Boş Oda),-
22:53,-,-,Kapat (Boş Oda),-
22:54,-,-,Kapat (Boş Oda),-
22:55,-,-,Kapat (Boş Oda),-
22:56,-,-,Kapat (Boş Oda),-
22:57,-,-,Kapat (Boş Oda),-
22:58,-,-,Kapat (Boş Oda),-
22:59,-,-,Kapat (Boş Oda),-
23:00,-,-,Kapat (Boş Oda),-
23:01,-,-,Kapat (Boş Oda),-
23:02,-,-,Kapat (Boş Oda),-
23:03,-,-,Kapat (Boş Oda),-
23:04,-,-,Kapat (Boş Oda),-
23:05,-,-,Kapat (Boş Oda),-
23:06,-,-,Kapat (Boş Oda),-
23:07,-,-,Kapat (Boş Oda),-
23:08,-,-,Kapat (Boş Oda),-
23:09,-,-,Kapat (Boş Oda),-
23:10,-,-,Kapat (Boş Oda),-
23:11,-,-,Kapat (Boş Oda),-
23:12,-,-,Kapat (Boş Oda),-
23:13,-,-,Kapat (Boş Oda),-
23:14,-,-,Kapat (Boş Oda),-
23:15,-,-,Kapat (Boş Oda),-
23:16,-,-,Kapat (Boş Oda),-
23:17,-,-,Kapat (Boş Oda),-
23:18,-,-,Kapat (Boş Oda),-
23:19,-,-,Kapat (Boş Oda),-
23:20,-,-,Kapat (Boş Oda),-
23:21,-,-,Kapat (Boş Oda),-
23:22,-,-,Kapat (Boş Oda),-
23:23,-,-,Kapat (Boş Oda),-
23:24,-,-,Kapat (Boş Oda),-
23:25,-,-,Kapat (Boş Oda),-
23:26,-,-,Kapat (Boş Oda),-
23:27,-,-,Kapat (Boş Oda),-
23:28,-,-,Kapat (Boş Oda),-
23:29,-,-,Kapat (Boş Oda),-
23:30,-,-,Kapat (Boş Oda),-
23:31,-,-,Kapat (Boş Oda),-
23:32,-,-,Kapat (Boş Oda),-
23:33,-,-,Kapat (Boş Oda),-
23:34,-,-,Kapat (Boş Oda),-
23:35,-,-,Kapat (Boş Oda),-
23:36,-,-,Kapat (Boş Oda),-
23:37,-,-,Kapat (Boş Oda),-
23:38,-,-,Kapat (Boş Oda),-
23:39,-,-,Kapat (Boş Oda),-
23:40,-,-,Kapat (Boş Oda),-
23:41,-,-,Kapat (Boş Oda),-
23:42,-,-,Kapat (Boş Oda),-
23:43,-,-,Kapat (Boş Oda),-
23:44,-,-,Kapat (Boş Oda),-
23:45,-,-,Kapat (Boş Oda),-
23:46,-,-,Kapat (Boş Oda),-
23:47,-,-,Kapat (Boş Oda),-
23:48,-,-,Kapat (Boş Oda),-
23:49,-,-,Kapat (Boş Oda),-
23:50,-,-,Kapat (Boş Oda),-
23:51,-,-,Kapat (Boş Oda),-
23:52,-,-,Kapat (Boş Oda),-
23:53,-,-,Kapat (Boş Oda),-
23:54,-,-,Kapat (Boş Oda),-
23:55,-,-,Kapat (Boş Oda),-
23:56,-,-,Kapat (Boş Oda),-
23:57,-,-,Kapat (Boş Oda),-
23:58,-,-,Kapat (Boş Oda),-
23:59,-,-,Kapat (Boş Oda),-
